Model,Input Data,Train Accuracy,Train Balanced Accuracy,Train F1,Train Top-2,Train Top-3,Val Accuracy,Val Balanced Accuracy,Val F1,Val Top-2,Val Top-3,Train+Eval Time (s),Epochs,Batch Size,n_samples train,n_samples_val,Train anger Accuracy,Train gentleness Accuracy,Train joy Accuracy,Train neutral Accuracy,Train sadness Accuracy,Val anger Accuracy,Val gentleness Accuracy,Val joy Accuracy,Val neutral Accuracy,Val sadness Accuracy,CPU,RAM (GB),GPU,Platform,Key Parameters,Input Features,Input Feature Type,Avg CPU %,Peak RSS (GB),Peak GPU Memory (GB)
knn,opensmile,0.4718019257221458,0.4715239069962734,0.4680326063492798,0.7276478679504814,0.921595598349381,0.1827956989247312,0.183127864706812,0.1744692411611585,0.4086021505376344,0.5967741935483871,0.946,-,-,727.0,186.0,0.6164383561643836,0.547945205479452,0.4068965517241379,0.4027777777777778,0.3835616438356164,0.3243243243243243,0.1944444444444444,0.081081081081081,0.2368421052631578,0.0789473684210526,x86_64,62.6,"NVIDIA GeForce RTX 5080, 16303 MiB, 590.48.01, 12.0",Linux-6.17.0-22-generic-x86_64-with-glibc2.39,"k=5, Euclidean distance",6373,opensmile-compare-2016,0.0,0.89,0.0
rf,opensmile,1.0,1.0,1.0,1.0,1.0,0.3225806451612903,0.3216848427374743,0.3231311127567405,0.5645161290322581,0.7795698924731183,1.132,-,-,727.0,186.0,1.0,1.0,1.0,1.0,1.0,0.5405405405405406,0.2222222222222222,0.1351351351351351,0.2894736842105263,0.4210526315789473,x86_64,62.6,"NVIDIA GeForce RTX 5080, 16303 MiB, 590.48.01, 12.0",Linux-6.17.0-22-generic-x86_64-with-glibc2.39,100 trees,6373,opensmile-compare-2016,50.0,0.97,0.0
mlp,opensmile,1.0,1.0,1.0,1.0,1.0,0.3333333333333333,0.3342421368737158,0.3460054444312936,0.5967741935483871,0.7849462365591398,0.3262,-,-,727.0,186.0,1.0,1.0,1.0,1.0,1.0,0.4594594594594595,0.3611111111111111,0.3243243243243243,0.2894736842105263,0.2368421052631578,x86_64,62.6,"NVIDIA GeForce RTX 5080, 16303 MiB, 590.48.01, 12.0",Linux-6.17.0-22-generic-x86_64-with-glibc2.39,"1 hidden layer (12 units), lr=0.01, momentum=0.5, max 500 iters",6373,opensmile-compare-2016,0.0,1.0,0.0
svm,opensmile,0.9656121045392022,0.9656585577074476,0.965778807636427,0.9917469050894084,0.998624484181568,0.3709677419354839,0.3704915441757547,0.3685125821684186,0.6021505376344086,0.8172043010752689,7.0408,-,-,727.0,186.0,0.9657534246575342,0.958904109589041,0.9724137931034482,0.9791666666666666,0.952054794520548,0.5945945945945946,0.2777777777777778,0.2432432432432432,0.4736842105263157,0.2631578947368421,x86_64,62.6,"NVIDIA GeForce RTX 5080, 16303 MiB, 590.48.01, 12.0",Linux-6.17.0-22-generic-x86_64-with-glibc2.39,"kernel=rbf, C=1.0, class_weight=None",6373,opensmile-compare-2016,403.3,1.11,0.0
knn,whisper,0.6506189821182944,0.6504501915708811,0.6425443156186545,0.8775790921595599,0.968363136176066,0.3064516129032258,0.3082187450608503,0.3073214820811673,0.521505376344086,0.7419354838709677,0.0355,-,-,727.0,186.0,0.8493150684931506,0.7534246575342466,0.6758620689655173,0.5763888888888888,0.3972602739726027,0.4594594594594595,0.3888888888888889,0.3243243243243243,0.1842105263157894,0.1842105263157894,x86_64,62.6,"NVIDIA GeForce RTX 5080, 16303 MiB, 590.48.01, 12.0",Linux-6.17.0-22-generic-x86_64-with-glibc2.39,"k=5, Euclidean distance",512,whisper-base,0.0,0.95,0.0
rf,whisper,1.0,1.0,1.0,1.0,1.0,0.3010752688172043,0.3016595542911332,0.3011149970502852,0.5913978494623656,0.7956989247311828,0.4144,-,-,727.0,186.0,1.0,1.0,1.0,1.0,1.0,0.5135135135135135,0.3333333333333333,0.1351351351351351,0.2105263157894736,0.3157894736842105,x86_64,62.6,"NVIDIA GeForce RTX 5080, 16303 MiB, 590.48.01, 12.0",Linux-6.17.0-22-generic-x86_64-with-glibc2.39,100 trees,512,whisper-base,0.0,0.96,0.0
mlp,whisper,0.998624484181568,0.9986111111111112,0.9986205420318464,1.0,1.0,0.3870967741935484,0.387166113481903,0.3890227165612583,0.6075268817204301,0.8172043010752689,0.2207,-,-,727.0,186.0,1.0,1.0,1.0,0.9930555555555556,1.0,0.4864864864864865,0.3888888888888889,0.2972972972972973,0.2631578947368421,0.5,x86_64,62.6,"NVIDIA GeForce RTX 5080, 16303 MiB, 590.48.01, 12.0",Linux-6.17.0-22-generic-x86_64-with-glibc2.39,"1 hidden layer (12 units), lr=0.01, momentum=0.5, max 500 iters",512,whisper-base,0.0,0.96,0.0
svm,whisper,0.749656121045392,0.7495075578649032,0.7485603441874501,0.922971114167813,0.9793672627235214,0.3333333333333333,0.3348269321953532,0.3354005742742383,0.6612903225806451,0.8709677419354839,0.4577,-,-,727.0,186.0,0.8835616438356164,0.773972602739726,0.7655172413793103,0.6875,0.636986301369863,0.4864864864864865,0.4166666666666667,0.2972972972972973,0.1578947368421052,0.3157894736842105,x86_64,62.6,"NVIDIA GeForce RTX 5080, 16303 MiB, 590.48.01, 12.0",Linux-6.17.0-22-generic-x86_64-with-glibc2.39,"kernel=rbf, C=1.0, class_weight=None",512,whisper-base,0.0,0.96,0.0
knn,clap,0.6327372764786795,0.6324334750433003,0.6239959370965427,0.8707015130674003,0.9724896836313618,0.2741935483870967,0.2756203571993046,0.2664751004997598,0.532258064516129,0.7473118279569892,0.1158,-,-,727.0,186.0,0.8835616438356164,0.7328767123287672,0.593103448275862,0.5416666666666666,0.410958904109589,0.5405405405405406,0.3055555555555556,0.2162162162162162,0.2368421052631578,0.0789473684210526,x86_64,62.6,"NVIDIA GeForce RTX 5080, 16303 MiB, 590.48.01, 12.0",Linux-6.17.0-22-generic-x86_64-with-glibc2.39,"k=5, Euclidean distance",1024,clap-2023,0.0,0.97,0.0
rf,clap,1.0,1.0,1.0,1.0,1.0,0.3709677419354839,0.3700331910858226,0.3584802461995444,0.6182795698924731,0.8440860215053764,0.5441,-,-,727.0,186.0,1.0,1.0,1.0,1.0,1.0,0.6486486486486487,0.1666666666666666,0.3243243243243243,0.2894736842105263,0.4210526315789473,x86_64,62.6,"NVIDIA GeForce RTX 5080, 16303 MiB, 590.48.01, 12.0",Linux-6.17.0-22-generic-x86_64-with-glibc2.39,100 trees,1024,clap-2023,0.0,0.95,0.0
mlp,clap,0.998624484181568,0.9986301369863014,0.9986254295532646,1.0,1.0,0.3494623655913978,0.349865655128813,0.353152202912852,0.6021505376344086,0.7526881720430108,0.2059,-,-,727.0,186.0,1.0,0.9931506849315068,1.0,1.0,1.0,0.4594594594594595,0.2777777777777778,0.4594594594594595,0.2105263157894736,0.3421052631578947,x86_64,62.6,"NVIDIA GeForce RTX 5080, 16303 MiB, 590.48.01, 12.0",Linux-6.17.0-22-generic-x86_64-with-glibc2.39,"1 hidden layer (12 units), lr=0.01, momentum=0.5, max 500 iters",1024,clap-2023,0.0,0.96,0.0
svm,clap,0.7867950481430537,0.7866360940534298,0.7866874644151934,0.9174690508940853,0.9766162310866575,0.3709677419354839,0.3697328907855224,0.35356355240822507,0.6505376344086021,0.8333333333333334,0.7778,-,-,727.0,186.0,0.8767123287671232,0.773972602739726,0.8137931034482758,0.7152777777777778,0.7534246575342466,0.6486486486486487,0.1111111111111111,0.3783783783783784,0.3684210526315789,0.34210526315789475,x86_64,62.6,"NVIDIA GeForce RTX 5080, 16303 MiB, 590.48.01, 12.0",Linux-6.17.0-22-generic-x86_64-with-glibc2.39,"kernel=rbf, C=1.0, class_weight=None",1024,clap-2023,0.0,0.97,0.0
