Model,Input Data,Train Accuracy,Train Balanced Accuracy,Train F1,Train Top-2,Train Top-3,Val Accuracy,Val Balanced Accuracy,Val F1,Val Top-2,Val Top-3,Train+Eval Time (s),Epochs,Batch Size,n_samples train,n_samples_val,Train -1 Accuracy,Train 0 Accuracy,Train 1 Accuracy,Val -1 Accuracy,Val 0 Accuracy,Val 1 Accuracy,CPU,RAM (GB),GPU,Platform,Key Parameters,Input Features,Input Feature Type,Avg CPU %,Peak RSS (GB),Peak GPU Memory (GB)
knn,opensmile,0.5983493810178817,0.5582165628416158,0.5641047873156794,0.8720770288858322,1.0,0.3602150537634409,0.3222158135063686,0.3161320810443617,0.6989247311827957,1.0,0.6669,-,-,727.0,186.0,0.7602739726027398,0.3611111111111111,0.5532646048109966,0.52,0.131578947368421,0.3150684931506849,x86_64,62.6,"NVIDIA GeForce RTX 5080, 16303 MiB, 590.48.01, 12.0",Linux-6.17.0-22-generic-x86_64-with-glibc2.39,"k=5, Euclidean distance",6373,opensmile-compare-2016,0.0,1.11,0.0
rf,opensmile,1.0,1.0,1.0,1.0,1.0,0.4677419354838709,0.4086037010334054,0.3966490371028301,0.7956989247311828,1.0,1.2399,-,-,727.0,186.0,1.0,1.0,1.0,0.6,0.1052631578947368,0.5205479452054794,x86_64,62.6,"NVIDIA GeForce RTX 5080, 16303 MiB, 590.48.01, 12.0",Linux-6.17.0-22-generic-x86_64-with-glibc2.39,100 trees,6373,opensmile-compare-2016,50.0,1.18,0.0
mlp,opensmile,0.9958734525447044,0.995402080162354,0.9959836827324884,0.998624484181568,1.0,0.4193548387096774,0.384574220940479,0.3840746293519907,0.7903225806451613,1.0,0.3925,-,-,727.0,186.0,0.9931506849315068,0.9930555555555556,1.0,0.5733333333333334,0.2105263157894736,0.3698630136986301,x86_64,62.6,"NVIDIA GeForce RTX 5080, 16303 MiB, 590.48.01, 12.0",Linux-6.17.0-22-generic-x86_64-with-glibc2.39,"1 hidden layer (12 units), lr=0.01, momentum=0.5, max 500 iters",6373,opensmile-compare-2016,0.0,1.18,0.0
svm,opensmile,0.8872077028885832,0.8418397302117823,0.8622833852943123,1.0,1.0,0.4569892473118279,0.3824048706240487,0.3384674301990211,0.7903225806451613,1.0,7.2971,-,-,727.0,186.0,0.928082191780822,0.6180555555555556,0.979381443298969,0.6266666666666667,0.0,0.5205479452054794,x86_64,62.6,"NVIDIA GeForce RTX 5080, 16303 MiB, 590.48.01, 12.0",Linux-6.17.0-22-generic-x86_64-with-glibc2.39,"kernel=rbf, C=1.0, class_weight=None",6373,opensmile-compare-2016,108.0,1.3,0.0
knn,whisper,0.672627235213205,0.6493331790341393,0.6530099689505121,0.9243466299862448,1.0,0.3763440860215054,0.3487751341824882,0.3490470835491874,0.7258064516129032,1.0,0.0408,-,-,727.0,186.0,0.7363013698630136,0.5347222222222222,0.6769759450171822,0.4933333333333333,0.2105263157894736,0.3424657534246575,x86_64,62.6,"NVIDIA GeForce RTX 5080, 16303 MiB, 590.48.01, 12.0",Linux-6.17.0-22-generic-x86_64-with-glibc2.39,"k=5, Euclidean distance",512,whisper-base,0.0,1.13,0.0
rf,whisper,1.0,1.0,1.0,1.0,1.0,0.4677419354838709,0.3917808219178082,0.3473895582329317,0.8010752688172043,1.0,0.4281,-,-,727.0,186.0,1.0,1.0,1.0,0.6,0.0,0.5753424657534246,x86_64,62.6,"NVIDIA GeForce RTX 5080, 16303 MiB, 590.48.01, 12.0",Linux-6.17.0-22-generic-x86_64-with-glibc2.39,100 trees,512,whisper-base,0.0,1.14,0.0
mlp,whisper,1.0,1.0,1.0,1.0,1.0,0.4247311827956989,0.3728046142754146,0.3658574540927482,0.7419354838709677,1.0,0.2099,-,-,727.0,186.0,1.0,1.0,1.0,0.52,0.1052631578947368,0.4931506849315068,x86_64,62.6,"NVIDIA GeForce RTX 5080, 16303 MiB, 590.48.01, 12.0",Linux-6.17.0-22-generic-x86_64-with-glibc2.39,"1 hidden layer (12 units), lr=0.01, momentum=0.5, max 500 iters",512,whisper-base,0.0,1.15,0.0
svm,whisper,0.7111416781292985,0.6299241710994995,0.6292099951074932,0.9257221458046768,1.0,0.4569892473118279,0.3875847152126893,0.3533752784205847,0.7795698924731183,1.0,0.4428,-,-,727.0,186.0,0.7636986301369864,0.2291666666666666,0.8969072164948454,0.52,0.0263157894736842,0.6164383561643836,x86_64,62.6,"NVIDIA GeForce RTX 5080, 16303 MiB, 590.48.01, 12.0",Linux-6.17.0-22-generic-x86_64-with-glibc2.39,"kernel=rbf, C=1.0, class_weight=None",512,whisper-base,1087.2,1.15,0.0
knn,clap,0.6836313617606602,0.6514534853311156,0.6605576577808129,0.9353507565337,1.0,0.3978494623655914,0.3713674597452535,0.3712255679456289,0.7419354838709677,1.0,0.1051,-,-,727.0,186.0,0.7602739726027398,0.4930555555555556,0.7010309278350515,0.48,0.2368421052631578,0.3972602739726027,x86_64,62.6,"NVIDIA GeForce RTX 5080, 16303 MiB, 590.48.01, 12.0",Linux-6.17.0-22-generic-x86_64-with-glibc2.39,"k=5, Euclidean distance",1024,clap-2023,0.0,1.19,0.0
rf,clap,1.0,1.0,1.0,1.0,1.0,0.4677419354838709,0.3997051990707361,0.3746682686594753,0.8225806451612904,1.0,0.5727,-,-,727.0,186.0,1.0,1.0,1.0,0.6533333333333333,0.0526315789473684,0.4931506849315068,x86_64,62.6,"NVIDIA GeForce RTX 5080, 16303 MiB, 590.48.01, 12.0",Linux-6.17.0-22-generic-x86_64-with-glibc2.39,100 trees,1024,clap-2023,0.0,1.13,0.0
mlp,clap,0.968363136176066,0.9678505206943988,0.9695691781848956,0.997248968363136,1.0,0.4623655913978494,0.4506657053592886,0.4454056959663401,0.8118279569892473,1.0,0.0969,-,-,727.0,186.0,0.9623287671232876,0.9652777777777778,0.9759450171821306,0.56,0.3947368421052631,0.3972602739726027,x86_64,62.6,"NVIDIA GeForce RTX 5080, 16303 MiB, 590.48.01, 12.0",Linux-6.17.0-22-generic-x86_64-with-glibc2.39,"1 hidden layer (12 units), lr=0.01, momentum=0.5, max 500 iters",1024,clap-2023,0.0,1.15,0.0
svm,clap,0.7262723521320495,0.6483985574332983,0.6527970107311841,0.9339752407152683,1.0,0.45698924731182794,0.38301369863013707,0.339616319008126,0.8225806451612904,1.0,0.7861,-,-,727.0,186.0,0.7397260273972602,0.2638888888888889,0.9415807560137457,0.56,0.0,0.589041095890411,x86_64,62.6,"NVIDIA GeForce RTX 5080, 16303 MiB, 590.48.01, 12.0",Linux-6.17.0-22-generic-x86_64-with-glibc2.39,"kernel=rbf, C=1.0, class_weight=None",1024,clap-2023,0.0,1.15,0.0
