Model,Input Data,Block,Train Accuracy,Train Balanced Accuracy,Train F1,Train Top-2,Train Top-3,Val Accuracy,Val Balanced Accuracy,Val F1,Val Top-2,Val Top-3,Train+Eval Time (s),Epochs,Batch Size,n_samples train,n_samples_val,Train -1 Accuracy,Train 0 Accuracy,Train 1 Accuracy,Val -1 Accuracy,Val 0 Accuracy,Val 1 Accuracy,CPU,RAM (GB),GPU,Platform,Key Parameters,Input Features,Input Feature Type,Avg CPU %,Peak RSS (GB),Peak GPU Memory (GB)
knn,opensmile,trad_ml_arousal,0.602,0.561,0.567,0.905,1.0,0.382,0.35,0.348,0.731,1.0,0.743,-,-,727.0,186.0,0.733,0.354,0.595,0.5,0.184,0.365,x86_64,62.6,"NVIDIA GeForce RTX 5080, 16303 MiB, 590.48.01, 12.0",Linux-6.17.0-22-generic-x86_64-with-glibc2.39,"k=5, Euclidean distance",6373.0,opensmile-compare-2016,0.0,0.89,0.0
rf,opensmile,trad_ml_arousal,1.0,1.0,1.0,1.0,1.0,0.597,0.521,0.506,0.882,1.0,1.189,-,-,727.0,186.0,1.0,1.0,1.0,0.865,0.132,0.568,x86_64,62.6,"NVIDIA GeForce RTX 5080, 16303 MiB, 590.48.01, 12.0",Linux-6.17.0-22-generic-x86_64-with-glibc2.39,100 trees,6373.0,opensmile-compare-2016,50.0,1.0,0.0
mlp,opensmile,trad_ml_arousal,1.0,1.0,1.0,1.0,1.0,0.565,0.503,0.499,0.823,1.0,0.329,-,-,727.0,186.0,1.0,1.0,1.0,0.757,0.184,0.568,x86_64,62.6,"NVIDIA GeForce RTX 5080, 16303 MiB, 590.48.01, 12.0",Linux-6.17.0-22-generic-x86_64-with-glibc2.39,"1 hidden layer (12 units), lr=0.01, momentum=0.5, max 500 iters",6373.0,opensmile-compare-2016,0.0,1.01,0.0
svm,opensmile,trad_ml_arousal,0.931,0.897,0.914,1.0,1.0,0.597,0.504,0.459,0.86,1.0,7.393,-,-,727.0,186.0,1.0,0.729,0.962,0.851,0.026,0.635,x86_64,62.6,"NVIDIA GeForce RTX 5080, 16303 MiB, 590.48.01, 12.0",Linux-6.17.0-22-generic-x86_64-with-glibc2.39,"kernel=rbf, C=1.0, class_weight=None",6373.0,opensmile-compare-2016,113.0,1.15,0.0
knn,whisper,trad_ml_arousal,0.763,0.717,0.725,0.959,1.0,0.57,0.52,0.522,0.806,1.0,0.044,-,-,727.0,186.0,0.918,0.486,0.746,0.73,0.263,0.568,x86_64,62.6,"NVIDIA GeForce RTX 5080, 16303 MiB, 590.48.01, 12.0",Linux-6.17.0-22-generic-x86_64-with-glibc2.39,"k=5, Euclidean distance",512.0,whisper-base,0.0,0.99,0.0
rf,whisper,trad_ml_arousal,1.0,1.0,1.0,1.0,1.0,0.608,0.513,0.47,0.839,1.0,0.386,-,-,727.0,186.0,1.0,1.0,1.0,0.811,0.026,0.703,x86_64,62.6,"NVIDIA GeForce RTX 5080, 16303 MiB, 590.48.01, 12.0",Linux-6.17.0-22-generic-x86_64-with-glibc2.39,100 trees,512.0,whisper-base,0.0,1.01,0.0
mlp,whisper,trad_ml_arousal,1.0,1.0,1.0,1.0,1.0,0.597,0.543,0.548,0.86,1.0,0.2,-,-,727.0,186.0,1.0,1.0,1.0,0.676,0.263,0.689,x86_64,62.6,"NVIDIA GeForce RTX 5080, 16303 MiB, 590.48.01, 12.0",Linux-6.17.0-22-generic-x86_64-with-glibc2.39,"1 hidden layer (12 units), lr=0.01, momentum=0.5, max 500 iters",512.0,whisper-base,0.0,1.01,0.0
svm,whisper,trad_ml_arousal,0.77,0.673,0.664,0.974,1.0,0.645,0.541,0.481,0.882,1.0,0.404,-,-,727.0,186.0,0.942,0.194,0.883,0.919,0.0,0.703,x86_64,62.6,"NVIDIA GeForce RTX 5080, 16303 MiB, 590.48.01, 12.0",Linux-6.17.0-22-generic-x86_64-with-glibc2.39,"kernel=rbf, C=1.0, class_weight=None",512.0,whisper-base,0.0,1.02,0.0
knn,clap,trad_ml_arousal,0.736,0.685,0.693,0.957,1.0,0.522,0.475,0.475,0.801,1.0,0.111,-,-,727.0,186.0,0.897,0.438,0.722,0.649,0.237,0.541,x86_64,62.6,"NVIDIA GeForce RTX 5080, 16303 MiB, 590.48.01, 12.0",Linux-6.17.0-22-generic-x86_64-with-glibc2.39,"k=5, Euclidean distance",1024.0,clap-2023,0.0,1.01,0.0
rf,clap,trad_ml_arousal,1.0,1.0,1.0,1.0,1.0,0.597,0.526,0.515,0.866,1.0,0.552,-,-,727.0,186.0,1.0,1.0,1.0,0.689,0.158,0.73,x86_64,62.6,"NVIDIA GeForce RTX 5080, 16303 MiB, 590.48.01, 12.0",Linux-6.17.0-22-generic-x86_64-with-glibc2.39,100 trees,1024.0,clap-2023,0.0,1.0,0.0
mlp,clap,trad_ml_arousal,0.999,0.998,0.998,0.999,1.0,0.575,0.546,0.544,0.828,1.0,0.307,-,-,727.0,186.0,1.0,0.993,1.0,0.541,0.395,0.703,x86_64,62.6,"NVIDIA GeForce RTX 5080, 16303 MiB, 590.48.01, 12.0",Linux-6.17.0-22-generic-x86_64-with-glibc2.39,"1 hidden layer (12 units), lr=0.01, momentum=0.5, max 500 iters",1024.0,clap-2023,0.0,1.0,0.0
svm,clap,trad_ml_arousal,0.816,0.738,0.749,0.972,1.0,0.645,0.549,0.509,0.882,1.0,0.694,-,-,727.0,186.0,0.949,0.354,0.911,0.784,0.053,0.811,x86_64,62.6,"NVIDIA GeForce RTX 5080, 16303 MiB, 590.48.01, 12.0",Linux-6.17.0-22-generic-x86_64-with-glibc2.39,"kernel=rbf, C=1.0, class_weight=None",1024.0,clap-2023,0.0,1.01,0.0
knn,opensmile,trad_ml_valence,0.598,0.558,0.564,0.872,1.0,0.36,0.322,0.316,0.699,1.0,0.667,-,-,727.0,186.0,0.76,0.361,0.553,0.52,0.132,0.315,x86_64,62.6,"NVIDIA GeForce RTX 5080, 16303 MiB, 590.48.01, 12.0",Linux-6.17.0-22-generic-x86_64-with-glibc2.39,"k=5, Euclidean distance",6373.0,opensmile-compare-2016,0.0,1.11,0.0
rf,opensmile,trad_ml_valence,1.0,1.0,1.0,1.0,1.0,0.468,0.409,0.397,0.796,1.0,1.24,-,-,727.0,186.0,1.0,1.0,1.0,0.6,0.105,0.521,x86_64,62.6,"NVIDIA GeForce RTX 5080, 16303 MiB, 590.48.01, 12.0",Linux-6.17.0-22-generic-x86_64-with-glibc2.39,100 trees,6373.0,opensmile-compare-2016,50.0,1.18,0.0
mlp,opensmile,trad_ml_valence,0.996,0.995,0.996,0.999,1.0,0.419,0.385,0.384,0.79,1.0,0.393,-,-,727.0,186.0,0.993,0.993,1.0,0.573,0.211,0.37,x86_64,62.6,"NVIDIA GeForce RTX 5080, 16303 MiB, 590.48.01, 12.0",Linux-6.17.0-22-generic-x86_64-with-glibc2.39,"1 hidden layer (12 units), lr=0.01, momentum=0.5, max 500 iters",6373.0,opensmile-compare-2016,0.0,1.18,0.0
svm,opensmile,trad_ml_valence,0.887,0.842,0.862,1.0,1.0,0.457,0.382,0.338,0.79,1.0,7.297,-,-,727.0,186.0,0.928,0.618,0.979,0.627,0.0,0.521,x86_64,62.6,"NVIDIA GeForce RTX 5080, 16303 MiB, 590.48.01, 12.0",Linux-6.17.0-22-generic-x86_64-with-glibc2.39,"kernel=rbf, C=1.0, class_weight=None",6373.0,opensmile-compare-2016,108.0,1.3,0.0
knn,whisper,trad_ml_valence,0.673,0.649,0.653,0.924,1.0,0.376,0.349,0.349,0.726,1.0,0.041,-,-,727.0,186.0,0.736,0.535,0.677,0.493,0.211,0.342,x86_64,62.6,"NVIDIA GeForce RTX 5080, 16303 MiB, 590.48.01, 12.0",Linux-6.17.0-22-generic-x86_64-with-glibc2.39,"k=5, Euclidean distance",512.0,whisper-base,0.0,1.13,0.0
rf,whisper,trad_ml_valence,1.0,1.0,1.0,1.0,1.0,0.468,0.392,0.347,0.801,1.0,0.428,-,-,727.0,186.0,1.0,1.0,1.0,0.6,0.0,0.575,x86_64,62.6,"NVIDIA GeForce RTX 5080, 16303 MiB, 590.48.01, 12.0",Linux-6.17.0-22-generic-x86_64-with-glibc2.39,100 trees,512.0,whisper-base,0.0,1.14,0.0
mlp,whisper,trad_ml_valence,1.0,1.0,1.0,1.0,1.0,0.425,0.373,0.366,0.742,1.0,0.21,-,-,727.0,186.0,1.0,1.0,1.0,0.52,0.105,0.493,x86_64,62.6,"NVIDIA GeForce RTX 5080, 16303 MiB, 590.48.01, 12.0",Linux-6.17.0-22-generic-x86_64-with-glibc2.39,"1 hidden layer (12 units), lr=0.01, momentum=0.5, max 500 iters",512.0,whisper-base,0.0,1.15,0.0
svm,whisper,trad_ml_valence,0.711,0.63,0.629,0.926,1.0,0.457,0.388,0.353,0.78,1.0,0.443,-,-,727.0,186.0,0.764,0.229,0.897,0.52,0.026,0.616,x86_64,62.6,"NVIDIA GeForce RTX 5080, 16303 MiB, 590.48.01, 12.0",Linux-6.17.0-22-generic-x86_64-with-glibc2.39,"kernel=rbf, C=1.0, class_weight=None",512.0,whisper-base,1087.2,1.15,0.0
knn,clap,trad_ml_valence,0.684,0.651,0.661,0.935,1.0,0.398,0.371,0.371,0.742,1.0,0.105,-,-,727.0,186.0,0.76,0.493,0.701,0.48,0.237,0.397,x86_64,62.6,"NVIDIA GeForce RTX 5080, 16303 MiB, 590.48.01, 12.0",Linux-6.17.0-22-generic-x86_64-with-glibc2.39,"k=5, Euclidean distance",1024.0,clap-2023,0.0,1.19,0.0
rf,clap,trad_ml_valence,1.0,1.0,1.0,1.0,1.0,0.468,0.4,0.375,0.823,1.0,0.573,-,-,727.0,186.0,1.0,1.0,1.0,0.653,0.053,0.493,x86_64,62.6,"NVIDIA GeForce RTX 5080, 16303 MiB, 590.48.01, 12.0",Linux-6.17.0-22-generic-x86_64-with-glibc2.39,100 trees,1024.0,clap-2023,0.0,1.13,0.0
mlp,clap,trad_ml_valence,0.968,0.968,0.97,0.997,1.0,0.462,0.451,0.445,0.812,1.0,0.097,-,-,727.0,186.0,0.962,0.965,0.976,0.56,0.395,0.397,x86_64,62.6,"NVIDIA GeForce RTX 5080, 16303 MiB, 590.48.01, 12.0",Linux-6.17.0-22-generic-x86_64-with-glibc2.39,"1 hidden layer (12 units), lr=0.01, momentum=0.5, max 500 iters",1024.0,clap-2023,0.0,1.15,0.0
svm,clap,trad_ml_valence,0.726,0.648,0.653,0.934,1.0,0.457,0.383,0.34,0.823,1.0,0.786,-,-,727.0,186.0,0.74,0.264,0.942,0.56,0.0,0.589,x86_64,62.6,"NVIDIA GeForce RTX 5080, 16303 MiB, 590.48.01, 12.0",Linux-6.17.0-22-generic-x86_64-with-glibc2.39,"kernel=rbf, C=1.0, class_weight=None",1024.0,clap-2023,0.0,1.15,0.0
