Model,Input Data,Train Accuracy,Train Balanced Accuracy,Train F1,Train Top-2,Train Top-3,Val Accuracy,Val Balanced Accuracy,Val F1,Val Top-2,Val Top-3,Train+Eval Time (s),Epochs,Batch Size,n_samples train,n_samples_val,Train belt Accuracy,Train breathy Accuracy,Train inhaled Accuracy,Train lip_trill Accuracy,Train spoken Accuracy,Train straight Accuracy,Train trill Accuracy,Train trillo Accuracy,Train vibrato Accuracy,Train vocal_fry Accuracy,Val belt Accuracy,Val breathy Accuracy,Val inhaled Accuracy,Val lip_trill Accuracy,Val spoken Accuracy,Val straight Accuracy,Val trill Accuracy,Val trillo Accuracy,Val vibrato Accuracy,Val vocal_fry Accuracy,CPU,RAM (GB),GPU,Platform,Key Parameters,Input Features,Input Feature Type,Avg CPU %,Peak RSS (GB),Peak GPU Memory (GB)
knn,opensmile,0.4602803738317757,0.3762994582821053,0.3820019113890846,0.7119158878504673,0.8885514018691589,0.2125,0.1493034726315273,0.1389442038680861,0.40625,0.54875,4.1937,-,-,4280.0,1600.0,0.55858310626703,0.5525114155251142,0.2301587301587301,0.4705882352941176,0.2537313432835821,0.6314831665150137,0.2083333333333333,0.1435185185185185,0.472707423580786,0.2413793103448276,0.2524271844660194,0.2035398230088495,0.0980392156862745,0.1461538461538461,0.05,0.3629441624365482,0.0178571428571428,0.0,0.2752808988764045,0.0867924528301886,x86_64,62.6,"NVIDIA GeForce RTX 5080, 16303 MiB, 590.48.01, 12.0",Linux-6.17.0-22-generic-x86_64-with-glibc2.39,"k=5, Euclidean distance",6373,opensmile-compare-2016,974.7,2.32,0.0
rf,opensmile,1.0,1.0,1.0,1.0,1.0,0.71625,0.6586000525238493,0.6671527919589121,0.855625,0.921875,12.4454,-,-,4280.0,1600.0,1.0,1.0,1.0,1.0,1.0,1.0,1.0,1.0,1.0,1.0,0.6990291262135923,0.7787610619469026,0.3529411764705882,0.9384615384615383,0.85,0.9213197969543148,0.2053571428571428,0.5535714285714286,0.7808988764044944,0.5056603773584906,x86_64,62.6,"NVIDIA GeForce RTX 5080, 16303 MiB, 590.48.01, 12.0",Linux-6.17.0-22-generic-x86_64-with-glibc2.39,100 trees,6373,opensmile-compare-2016,92.4,2.18,0.0
mlp,opensmile,0.999766355140187,0.9997716894977168,0.999840239069707,1.0,1.0,0.700625,0.6876005403998938,0.6630720698372609,0.84875,0.913125,1.6851,-,-,4280.0,1600.0,1.0,0.997716894977169,1.0,1.0,1.0,1.0,1.0,1.0,1.0,1.0,0.6893203883495146,0.7964601769911505,0.4901960784313725,0.7923076923076923,0.9,0.7385786802030457,0.4910714285714285,0.5892857142857143,0.7359550561797753,0.6528301886792452,x86_64,62.6,"NVIDIA GeForce RTX 5080, 16303 MiB, 590.48.01, 12.0",Linux-6.17.0-22-generic-x86_64-with-glibc2.39,"1 hidden layer (12 units), lr=0.01, momentum=0.5, max 500 iters",6373,opensmile-compare-2016,1156.2,2.43,0.0
svm,opensmile,0.9460280373831776,0.9726862079438308,0.9557611461113008,0.9950934579439252,0.9992990654205608,0.713125,0.7126464114159275,0.6830480863989672,0.881875,0.931875,253.3811,-,-,4280.0,1600.0,0.9809264305177112,0.9817351598173516,1.0,1.0,1.0,0.8562329390354868,1.0,1.0,0.9661572052401748,0.9418103448275862,0.7475728155339806,0.9557522123893806,0.4705882352941176,0.8538461538461538,0.85,0.7182741116751269,0.4017857142857143,0.7321428571428571,0.7134831460674157,0.6830188679245283,x86_64,62.6,"NVIDIA GeForce RTX 5080, 16303 MiB, 590.48.01, 12.0",Linux-6.17.0-22-generic-x86_64-with-glibc2.39,"kernel=rbf, C=1.0, class_weight=balanced",6373,opensmile-compare-2016,99.6,2.84,0.0
knn,vggish,0.8161214953271028,0.7832769384768429,0.8060981512372021,0.9516355140186916,0.9941588785046728,0.530625,0.5353576028377998,0.494580648306257,0.73125,0.8175,0.1328,-,-,4280.0,1600.0,0.8010899182561307,0.8242009132420092,0.7142857142857143,0.9845201238390092,0.9402985074626866,0.8762511373976342,0.5909090909090909,0.4629629629629629,0.8580786026200873,0.7801724137931034,0.5728155339805825,0.8407079646017699,0.3333333333333333,0.8769230769230769,1.0,0.6878172588832487,0.125,0.1607142857142857,0.5449438202247191,0.2113207547169811,x86_64,62.6,"NVIDIA GeForce RTX 5080, 16303 MiB, 590.48.01, 12.0",Linux-6.17.0-22-generic-x86_64-with-glibc2.39,"k=5, Euclidean distance",128,vggish,0.0,1.56,0.0
rf,vggish,1.0,1.0,1.0,1.0,1.0,0.57,0.5247785283622514,0.5006832369166391,0.741875,0.8625,1.8175,-,-,4280.0,1600.0,1.0,1.0,1.0,1.0,1.0,1.0,1.0,1.0,1.0,1.0,0.5145631067961165,0.7699115044247787,0.1372549019607843,0.8923076923076924,1.0,0.8071065989847716,0.1071428571428571,0.125,0.6039325842696629,0.290566037735849,x86_64,62.6,"NVIDIA GeForce RTX 5080, 16303 MiB, 590.48.01, 12.0",Linux-6.17.0-22-generic-x86_64-with-glibc2.39,100 trees,128,vggish,50.0,1.58,0.0
mlp,vggish,0.8649532710280374,0.8489297988638157,0.8640893576665197,0.9703271028037384,0.9908878504672896,0.60125,0.6051353607520011,0.5748862712842484,0.759375,0.840625,0.7487,-,-,4280.0,1600.0,0.8092643051771117,0.7557077625570776,0.8333333333333334,1.0,0.9552238805970148,0.9117379435850772,0.7310606060606061,0.6851851851851852,0.8853711790393013,0.9224137931034484,0.6310679611650486,0.7345132743362832,0.3529411764705882,0.8615384615384616,1.0,0.751269035532995,0.2410714285714285,0.4821428571428571,0.547752808988764,0.4490566037735849,x86_64,62.6,"NVIDIA GeForce RTX 5080, 16303 MiB, 590.48.01, 12.0",Linux-6.17.0-22-generic-x86_64-with-glibc2.39,"1 hidden layer (12 units), lr=0.01, momentum=0.5, max 500 iters",128,vggish,0.0,1.41,0.0
svm,vggish,0.8273364485981308,0.8802451410297707,0.838843080200714,0.9621495327102804,0.9876168224299066,0.590625,0.6400090990928511,0.568690933014056,0.78625,0.880625,3.7741,-,-,4280.0,1600.0,0.9209809264305178,0.8789954337899544,0.9603174603174603,0.9938080495356038,1.0,0.6815286624203821,0.8257575757575758,0.8611111111111112,0.8329694323144105,0.8469827586206896,0.7378640776699029,0.9026548672566372,0.4901960784313725,0.8615384615384616,1.0,0.6522842639593909,0.2232142857142857,0.6071428571428571,0.5365168539325843,0.3886792452830189,x86_64,62.6,"NVIDIA GeForce RTX 5080, 16303 MiB, 590.48.01, 12.0",Linux-6.17.0-22-generic-x86_64-with-glibc2.39,"kernel=rbf, C=1.0, class_weight=balanced",128,vggish,115.8,1.22,0.0
knn,whisper,0.819392523364486,0.8168528965165841,0.8266045109848434,0.9644859813084112,0.9953271028037384,0.61875,0.6261402382124046,0.5848914953446077,0.8075,0.8875,0.3204,-,-,4280.0,1600.0,0.7983651226158038,0.8082191780821918,0.8333333333333334,0.9907120743034056,0.9402985074626866,0.8298453139217471,0.7159090909090909,0.6759259259259259,0.87117903930131,0.7047413793103449,0.6213592233009708,0.7168141592920354,0.4509803921568627,0.9384615384615383,1.0,0.6751269035532995,0.2142857142857142,0.5357142857142857,0.7275280898876404,0.3811320754716981,x86_64,62.6,"NVIDIA GeForce RTX 5080, 16303 MiB, 590.48.01, 12.0",Linux-6.17.0-22-generic-x86_64-with-glibc2.39,"k=5, Euclidean distance",512,whisper-base,0.0,1.3,0.0
rf,whisper,1.0,1.0,1.0,1.0,1.0,0.684375,0.6299416414671983,0.643416567806615,0.84125,0.913125,3.2587,-,-,4280.0,1600.0,1.0,1.0,1.0,1.0,1.0,1.0,1.0,1.0,1.0,1.0,0.6116504854368932,0.6460176991150443,0.3529411764705882,0.9384615384615383,0.9,0.817258883248731,0.2232142857142857,0.4821428571428571,0.8258426966292135,0.5018867924528302,x86_64,62.6,"NVIDIA GeForce RTX 5080, 16303 MiB, 590.48.01, 12.0",Linux-6.17.0-22-generic-x86_64-with-glibc2.39,100 trees,512,whisper-base,75.0,1.16,0.0
mlp,whisper,0.9929906542056076,0.99432809547417,0.9940217117391968,1.0,1.0,0.713125,0.6984126082839359,0.6813156601903035,0.85625,0.91875,1.0201,-,-,4280.0,1600.0,0.9863760217983653,0.9863013698630136,1.0,1.0,1.0,0.989080982711556,0.9962121212121212,0.9907407407407408,0.9967248908296944,0.9978448275862069,0.7766990291262136,0.7876106194690266,0.5294117647058824,0.9230769230769232,0.95,0.8096446700507615,0.3660714285714285,0.5178571428571429,0.7275280898876404,0.5962264150943396,x86_64,62.6,"NVIDIA GeForce RTX 5080, 16303 MiB, 590.48.01, 12.0",Linux-6.17.0-22-generic-x86_64-with-glibc2.39,"1 hidden layer (12 units), lr=0.01, momentum=0.5, max 500 iters",512,whisper-base,0.0,1.19,0.0
svm,whisper,0.8759345794392523,0.9225644611802356,0.8953889822556101,0.980140186915888,0.9953271028037384,0.69125,0.7167498298261158,0.6654881210442847,0.88375,0.934375,11.2283,-,-,4280.0,1600.0,0.9536784741144414,0.9178082191780822,0.992063492063492,1.0,1.0,0.7388535031847133,0.9318181818181818,0.949074074074074,0.9082969432314412,0.834051724137931,0.8155339805825242,0.8938053097345132,0.5098039215686274,0.9076923076923076,1.0,0.6218274111675127,0.4464285714285714,0.6071428571428571,0.7275280898876404,0.6377358490566037,x86_64,62.6,"NVIDIA GeForce RTX 5080, 16303 MiB, 590.48.01, 12.0",Linux-6.17.0-22-generic-x86_64-with-glibc2.39,"kernel=rbf, C=1.0, class_weight=balanced",512,whisper-base,100.7,1.21,0.0
knn,clap,0.8974042027194067,0.8694807450237615,0.8880301855071039,0.9856613102595796,0.999505562422744,0.693125,0.6790900333886173,0.6714646183303274,0.849375,0.9075,0.75,-,-,4045.0,1600.0,0.8676470588235294,0.8861985472154964,0.7589285714285714,1.0,0.9193548387096774,0.924618320610687,0.7361702127659574,0.7860696517412935,0.9430523917995444,0.8727678571428571,0.6601941747572816,0.7345132743362832,0.4117647058823529,0.9846153846153848,1.0,0.8020304568527918,0.2857142857142857,0.625,0.7134831460674157,0.5735849056603773,x86_64,62.6,"NVIDIA GeForce RTX 5080, 16303 MiB, 590.48.01, 12.0",Linux-6.17.0-22-generic-x86_64-with-glibc2.39,"k=5, Euclidean distance",1024,clap-2023,0.0,1.28,0.0
rf,clap,1.0,1.0,1.0,1.0,1.0,0.715,0.6768878489286392,0.6842528474887031,0.868125,0.925,5.1651,-,-,4045.0,1600.0,1.0,1.0,1.0,1.0,1.0,1.0,1.0,1.0,1.0,1.0,0.6213592233009708,0.7168141592920354,0.3529411764705882,0.9846153846153848,1.0,0.901015228426396,0.1607142857142857,0.6964285714285714,0.7387640449438202,0.5962264150943396,x86_64,62.6,"NVIDIA GeForce RTX 5080, 16303 MiB, 590.48.01, 12.0",Linux-6.17.0-22-generic-x86_64-with-glibc2.39,100 trees,1024,clap-2023,83.2,1.32,0.0
mlp,clap,0.999752781211372,0.9997578692493946,0.9998311007066372,1.0,1.0,0.6875,0.7040207506166817,0.6733404824212925,0.86375,0.9175,1.9348,-,-,4045.0,1600.0,1.0,0.9975786924939468,1.0,1.0,1.0,1.0,1.0,1.0,1.0,1.0,0.7766990291262136,0.7522123893805309,0.5490196078431373,0.9769230769230768,0.95,0.7411167512690355,0.375,0.6607142857142857,0.6207865168539326,0.6377358490566037,x86_64,62.6,"NVIDIA GeForce RTX 5080, 16303 MiB, 590.48.01, 12.0",Linux-6.17.0-22-generic-x86_64-with-glibc2.39,"1 hidden layer (12 units), lr=0.01, momentum=0.5, max 500 iters",1024,clap-2023,1322.2,1.35,0.0
svm,clap,0.9278121137206428,0.9567380781515092,0.9387825034256496,0.99283065512979,0.9985166872682324,0.729375,0.7644617551432239,0.7339744547693743,0.89625,0.93875,15.5169,-,-,4045.0,1600.0,0.9647058823529412,0.9588377723970944,0.9910714285714286,1.0,1.0,0.8530534351145038,0.9617021276595744,0.9800995024875622,0.9271070615034168,0.9308035714285714,0.8640776699029126,0.9026548672566372,0.6274509803921569,0.9230769230769232,1.0,0.7385786802030457,0.5,0.7321428571428571,0.6207865168539326,0.7358490566037735,x86_64,62.6,"NVIDIA GeForce RTX 5080, 16303 MiB, 590.48.01, 12.0",Linux-6.17.0-22-generic-x86_64-with-glibc2.39,"kernel=rbf, C=1.0, class_weight=balanced",1024,clap-2023,97.5,1.39,0.0
knn,mfcc,0.780607476635514,0.6997953992963244,0.7173499323144402,0.9327102803738316,0.9850467289719628,0.39125,0.3587538393207046,0.313725023156404,0.5875,0.6975,0.1493,-,-,4280.0,1600.0,0.8555858310626703,0.8470319634703196,0.6587301587301587,1.0,0.5373134328358209,0.8553230209281165,0.3863636363636363,0.2638888888888889,0.8307860262008734,0.7629310344827587,0.7572815533980582,0.6194690265486725,0.2549019607843137,0.4461538461538462,0.3,0.5228426395939086,0.0892857142857142,0.0535714285714285,0.4157303370786517,0.1283018867924528,x86_64,62.6,"NVIDIA GeForce RTX 5080, 16303 MiB, 590.48.01, 12.0",Linux-6.17.0-22-generic-x86_64-with-glibc2.39,"k=5, Euclidean distance",13,mfcc,0.0,1.18,0.0
rf,mfcc,1.0,1.0,1.0,1.0,1.0,0.443125,0.3463854494383935,0.3422170252925809,0.646875,0.759375,0.6921,-,-,4280.0,1600.0,1.0,1.0,1.0,1.0,1.0,1.0,1.0,1.0,1.0,1.0,0.6116504854368932,0.4424778761061947,0.2352941176470588,0.5538461538461539,0.1,0.5761421319796954,0.0982142857142857,0.0357142857142857,0.6067415730337079,0.2037735849056604,x86_64,62.6,"NVIDIA GeForce RTX 5080, 16303 MiB, 590.48.01, 12.0",Linux-6.17.0-22-generic-x86_64-with-glibc2.39,100 trees,13,mfcc,0.0,1.19,0.0
mlp,mfcc,0.619392523364486,0.4943476310822002,0.5104511532759083,0.8016355140186916,0.8773364485981309,0.41,0.3264330291949077,0.3058524069885178,0.598125,0.718125,0.3205,-,-,4280.0,1600.0,0.5967302452316077,0.4269406392694064,0.1984126984126984,0.9256965944272446,0.3880597014925373,0.7634212920837125,0.1893939393939394,0.0324074074074074,0.75,0.6724137931034483,0.4563106796116505,0.336283185840708,0.0588235294117647,0.6615384615384615,0.35,0.5736040609137056,0.0892857142857142,0.0178571428571428,0.5168539325842697,0.2037735849056604,x86_64,62.6,"NVIDIA GeForce RTX 5080, 16303 MiB, 590.48.01, 12.0",Linux-6.17.0-22-generic-x86_64-with-glibc2.39,"1 hidden layer (12 units), lr=0.01, momentum=0.5, max 500 iters",13,mfcc,0.0,1.25,0.0
svm,mfcc,0.7074766355140187,0.7728463536223652,0.6869342967676525,0.9074766355140187,0.9626168224299065,0.3975,0.4455345194603769,0.3566003924156976,0.64625,0.759375,2.6617,-,-,4280.0,1600.0,0.9182561307901907,0.7990867579908676,0.8968253968253969,0.9969040247678018,1.0,0.5022747952684259,0.5378787878787878,0.5648148148148148,0.7106986899563319,0.8017241379310345,0.8058252427184466,0.5663716814159292,0.27450980392156865,0.6538461538461539,0.7,0.23604060913705585,0.29464285714285715,0.17857142857142858,0.46629213483146065,0.2792452830188679,x86_64,62.6,"NVIDIA GeForce RTX 5080, 16303 MiB, 590.48.01, 12.0",Linux-6.17.0-22-generic-x86_64-with-glibc2.39,"kernel=rbf, C=1.0, class_weight=balanced",13,mfcc,127.0,1.25,0.0
